entry_id,student_id,teacher_id,entry_date,hifz,murajaah
1,1,2,1447-01-01,,7.0
2,1,2,1447-01-02,,3.0
3,1,2,1447-01-03,,10.0
4,1,2,1447-01-04,,9.0
5,1,2,1447-01-05,,15.0
6,1,2,1447-01-06,,10.0
7,1,2,1447-01-07,,0.0
8,1,2,1447-01-08,,20.0
9,1,2,1447-01-09,,7.0
10,1,2,1447-01-10,,10.0
11,1,2,1447-01-11,,10.0
12,1,2,1447-01-12,,25.0
13,1,2,1447-01-13,,16.0
14,1,2,1447-01-14,,19.0
15,1,2,1447-01-15,,0.0
16,1,2,1447-01-16,,0.0
17,1,2,1447-01-17,,10.0
18,1,2,1447-01-18,,8.0
19,1,2,1447-01-19,,0.0
20,1,2,1447-01-20,,14.0
21,1,2,1447-01-21,,12.0
22,1,2,1447-01-22,,10.0
23,1,2,1447-01-23,,10.0
24,1,2,1447-01-24,,20.0
25,1,2,1447-01-25,,11.0
26,1,2,1447-01-26,,14.0
27,1,2,1447-01-27,,15.0
28,1,2,1447-01-28,,19.0
29,1,2,1447-01-29,,7.0
30,1,2,1447-01-30,,0.0
31,3,2,1447-01-01,,2.0
32,3,2,1447-01-02,,3.0
33,3,2,1447-01-03,,4.0
34,3,2,1447-01-04,,2.0
35,3,2,1447-01-05,,1.0
36,3,2,1447-01-06,,3.0
37,3,2,1447-01-07,,0.0
38,3,2,1447-01-09,,1.0
39,3,2,1447-01-10,,0.0
40,3,2,1447-01-11,,1.0
41,3,2,1447-01-12,,2.0
42,3,2,1447-01-18,,4.0
43,3,2,1447-01-19,,0.0
44,3,2,1447-01-20,,2.0
45,3,2,1447-01-21,,2.0
46,3,2,1447-01-22,,1.0
47,3,2,1447-01-26,,2.0
48,3,2,1447-01-27,,3.0
49,3,2,1447-01-28,,3.0
50,3,2,1447-01-29,,2.0
51,3,2,1447-01-30,,0.0
52,5,2,1447-01-01,,30.0
53,5,2,1447-01-02,,14.0
54,5,2,1447-01-03,,10.0
55,5,2,1447-01-04,,5.0
56,5,2,1447-01-05,,6.0
57,5,2,1447-01-06,,9.0
58,5,2,1447-01-07,,0.0
59,5,2,1447-01-10,,0.0
60,5,2,1447-01-11,,6.0
61,5,2,1447-01-12,,6.0
62,5,2,1447-01-13,,5.0
63,5,2,1447-01-15,,0.0
64,5,2,1447-01-16,,0.0
65,5,2,1447-01-17,,9.0
66,5,2,1447-01-18,,4.0
67,5,2,1447-01-19,,0.0
68,5,2,1447-01-20,,6.0
69,5,2,1447-01-21,,8.0
70,5,2,1447-01-22,,7.0
71,5,2,1447-01-23,,0.0
72,5,2,1447-01-24,,0.0
73,5,2,1447-01-26,,5.0
74,5,2,1447-01-27,,3.0
75,5,2,1447-01-28,,8.0
76,5,2,1447-01-29,,2.0
77,5,2,1447-01-30,,0.0
78,6,2,1447-01-01,,9.0
79,6,2,1447-01-04,,9.0
80,6,2,1447-01-06,,11.0
81,6,2,1447-01-07,,0.0
82,6,2,1447-01-08,,0.0
83,6,2,1447-01-10,,0.0
84,6,2,1447-01-14,,6.0
85,6,2,1447-01-15,,0.0
86,6,2,1447-01-18,,4.0
87,6,2,1447-01-19,,0.0
88,6,2,1447-01-21,,10.0
89,6,2,1447-01-22,,8.0
90,6,2,1447-01-24,,0.0
91,6,2,1447-01-25,,8.0
92,6,2,1447-01-26,,11.0
93,6,2,1447-01-27,,5.0
94,6,2,1447-01-28,,7.0
95,7,2,1447-01-07,,0.0
96,7,2,1447-01-20,,3.0
97,7,2,1447-01-24,,0.0
98,7,2,1447-01-25,,10.0
99,7,2,1447-01-26,,2.0
100,7,2,1447-01-28,,8.0
101,7,2,1447-01-29,,4.0
102,8,2,1447-01-01,,8.0
103,8,2,1447-01-02,,3.0
104,8,2,1447-01-03,,5.0
105,8,2,1447-01-05,,0.0
106,8,2,1447-01-06,,0.0
107,8,2,1447-01-07,,0.0
108,8,2,1447-01-08,,0.0
109,8,2,1447-01-09,,3.0
110,8,2,1447-01-10,,0.0
111,8,2,1447-01-14,,4.0
112,8,2,1447-01-16,,0.0
113,8,2,1447-01-18,,0.0
114,8,2,1447-01-19,,0.0
115,8,2,1447-01-20,,10.0
116,8,2,1447-01-22,,0.0
117,8,2,1447-01-23,,0.0
118,8,2,1447-01-25,,2.0
119,8,2,1447-01-28,,4.0
120,8,2,1447-01-29,,6.0
121,13,14,1447-01-02,0.0,
122,13,14,1447-01-03,,20.0
123,13,14,1447-01-04,,20.0
124,13,14,1447-01-05,,10.0
125,13,14,1447-01-06,,20.0
126,13,14,1447-01-07,,0.0
127,13,14,1447-01-08,,1.0
128,13,14,1447-01-10,,0.0
129,13,14,1447-01-11,,10.0
130,13,14,1447-01-12,,10.0
131,13,14,1447-01-13,,10.0
132,13,14,1447-01-14,,10.0
133,13,14,1447-01-15,,0.0
134,13,14,1447-01-16,,0.0
135,13,14,1447-01-17,,10.0
136,13,14,1447-01-18,,9.0
137,13,14,1447-01-19,,0.0
138,13,14,1447-01-21,,6.0
139,13,14,1447-01-22,,5.0
140,13,14,1447-01-24,,5.0
141,13,14,1447-01-25,,5.0
142,13,14,1447-01-26,,10.0
143,13,14,1447-01-27,,5.0
144,13,14,1447-01-28,,7.0
145,13,14,1447-01-29,,0.0
146,15,14,1447-01-02,0.0,
147,15,14,1447-01-03,,2.0
148,15,14,1447-01-04,,20.0
149,15,14,1447-01-05,,10.0
150,15,14,1447-01-06,,4.0
151,15,14,1447-01-07,,0.0
152,15,14,1447-01-08,,5.0
153,15,14,1447-01-10,,0.0
154,15,14,1447-01-11,,0.0
155,15,14,1447-01-12,,3.0
156,15,14,1447-01-13,,0.0
157,15,14,1447-01-14,,7.0
158,15,14,1447-01-15,,0.0
159,15,14,1447-01-16,,0.0
160,15,14,1447-01-17,,6.0
161,15,14,1447-01-18,,4.0
162,15,14,1447-01-19,,0.0
163,15,14,1447-01-21,,3.0
164,15,14,1447-01-22,,6.0
165,15,14,1447-01-23,,0.0
166,15,14,1447-01-24,,6.0
167,15,14,1447-01-25,,5.0
168,15,14,1447-01-26,,8.0
169,15,14,1447-01-27,,4.0
170,15,14,1447-01-28,,2.0
171,15,14,1447-01-29,,0.0
172,16,14,1447-01-01,,15.0
173,16,14,1447-01-02,,20.0
174,16,14,1447-01-03,,30.0
175,16,14,1447-01-04,,10.0
176,16,14,1447-01-07,,0.0
177,16,14,1447-01-08,,20.0
178,16,14,1447-01-09,,20.0
179,16,14,1447-01-10,,0.0
180,16,14,1447-01-11,,20.0
181,16,14,1447-01-12,,20.0
182,16,14,1447-01-13,,20.0
183,16,14,1447-01-14,,20.0
184,16,14,1447-01-16,,0.0
185,16,14,1447-01-17,,6.0
186,16,14,1447-01-21,,2.0
187,16,14,1447-01-22,,9.0
188,16,14,1447-01-23,,0.0
189,16,14,1447-01-24,,10.0
190,16,14,1447-01-25,,6.0
191,16,14,1447-01-26,,10.0
192,16,14,1447-01-27,,5.0
193,16,14,1447-01-28,,6.0
194,16,14,1447-01-29,,0.0
195,16,14,1447-01-30,,0.0
196,17,14,1447-01-01,,10.0
197,17,14,1447-01-02,,6.0
198,17,14,1447-01-03,,4.0
199,17,14,1447-01-04,,4.0
200,17,14,1447-01-05,,2.0
201,17,14,1447-01-06,,8.0
202,17,14,1447-01-07,,0.0
203,17,14,1447-01-08,,0.0
204,17,14,1447-01-09,,4.0
205,17,14,1447-01-10,,0.0
206,17,14,1447-01-11,,20.0
207,17,14,1447-01-12,,10.0
208,17,14,1447-01-13,,10.0
209,17,14,1447-01-14,,10.0
210,17,14,1447-01-15,,0.0
211,17,14,1447-01-16,,0.0
212,17,14,1447-01-17,,10.0
213,17,14,1447-01-18,,4.0
214,17,14,1447-01-19,,0.0
215,17,14,1447-01-20,,5.0
216,17,14,1447-01-21,,5.0
217,17,14,1447-01-22,,4.0
218,17,14,1447-01-23,,0.0
219,17,14,1447-01-24,,20.0
220,17,14,1447-01-25,,10.0
221,17,14,1447-01-26,,10.0
222,17,14,1447-01-27,,5.0
223,17,14,1447-01-28,,10.0
224,17,14,1447-01-29,,0.0
225,17,14,1447-01-30,,0.0
226,18,14,1447-01-01,,10.0
227,18,14,1447-01-02,,10.0
228,18,14,1447-01-03,,10.0
229,18,14,1447-01-04,,20.0
230,18,14,1447-01-05,,3.0
231,18,14,1447-01-06,,3.0
232,18,14,1447-01-07,,0.0
233,18,14,1447-01-10,,0.0
234,18,14,1447-01-11,,5.0
235,18,14,1447-01-12,,5.0
236,18,14,1447-01-13,,20.0
237,18,14,1447-01-14,,20.0
238,18,14,1447-01-15,,0.0
239,18,14,1447-01-16,,0.0
240,18,14,1447-01-17,,10.0
241,18,14,1447-01-18,,10.0
242,18,14,1447-01-19,,0.0
243,18,14,1447-01-20,,10.0
244,18,14,1447-01-21,,10.0
245,18,14,1447-01-22,,10.0
246,18,14,1447-01-23,,0.0
247,18,14,1447-01-24,,10.0
248,18,14,1447-01-25,,6.0
249,18,14,1447-01-26,,6.0
250,18,14,1447-01-27,,1.0
251,18,14,1447-01-28,,6.0
252,18,14,1447-01-29,,0.0
253,18,14,1447-01-30,,0.0
254,19,14,1447-01-01,,3.0
255,19,14,1447-01-02,,4.0
256,19,14,1447-01-03,,6.0
257,19,14,1447-01-04,,3.0
258,19,14,1447-01-05,,7.0
259,19,14,1447-01-06,,10.0
260,19,14,1447-01-07,,0.0
261,19,14,1447-01-08,,10.0
262,19,14,1447-01-09,,6.0
263,19,14,1447-01-10,,0.0
264,19,14,1447-01-11,,0.0
265,19,14,1447-01-12,,2.0
266,19,14,1447-01-13,,3.0
267,19,14,1447-01-14,,2.0
268,19,14,1447-01-15,,0.0
269,19,14,1447-01-16,,0.0
270,19,14,1447-01-17,,3.0
271,19,14,1447-01-18,,6.0
272,19,14,1447-01-19,,0.0
273,19,14,1447-01-20,,0.0
274,19,14,1447-01-21,,5.0
275,19,14,1447-01-22,,4.0
276,19,14,1447-01-23,,0.0
277,19,14,1447-01-24,,10.0
278,19,14,1447-01-25,,10.0
279,19,14,1447-01-26,,4.0
280,19,14,1447-01-27,,1.0
281,19,14,1447-01-28,,4.0
282,19,14,1447-01-29,,0.0
283,20,14,1447-01-03,,8.0
284,20,14,1447-01-05,,7.0
285,20,14,1447-01-06,,3.0
286,20,14,1447-01-09,,4.0
287,20,14,1447-01-11,,2.0
288,20,14,1447-01-12,,3.0
289,20,14,1447-01-13,,2.0
290,20,14,1447-01-15,,0.0
291,20,14,1447-01-18,,6.0
292,20,14,1447-01-19,,0.0
293,20,14,1447-01-20,,0.0
294,20,14,1447-01-22,,6.0
295,20,14,1447-01-23,,0.0
296,20,14,1447-01-24,,2.0
297,20,14,1447-01-29,,0.0
298,20,14,1447-01-30,,0.0
299,21,14,1447-01-01,,2.0
300,21,14,1447-01-02,,2.0
301,21,14,1447-01-03,,8.0
302,21,14,1447-01-04,,10.0
303,21,14,1447-01-05,,7.0
304,21,14,1447-01-07,,0.0
305,21,14,1447-01-08,,2.0
306,21,14,1447-01-09,,2.0
307,21,14,1447-01-10,,0.0
308,21,14,1447-01-12,,7.0
309,21,14,1447-01-13,,6.0
310,21,14,1447-01-14,,10.0
311,21,14,1447-01-15,,0.0
312,21,14,1447-01-16,,0.0
313,21,14,1447-01-17,,8.0
314,21,14,1447-01-18,,6.0
315,21,14,1447-01-19,,0.0
316,21,14,1447-01-20,,0.0
317,21,14,1447-01-21,,5.0
318,21,14,1447-01-22,,4.0
319,21,14,1447-01-23,,0.0
320,21,14,1447-01-24,,6.0
321,21,14,1447-01-25,,6.0
322,21,14,1447-01-26,,6.0
323,21,14,1447-01-27,,3.0
324,21,14,1447-01-28,,5.0
325,21,14,1447-01-29,,0.0
326,21,14,1447-01-30,,0.0
327,22,14,1447-01-03,,1.0
328,22,14,1447-01-04,,1.0
329,22,14,1447-01-05,,0.0
330,22,14,1447-01-06,,2.0
331,22,14,1447-01-07,,0.0
332,22,14,1447-01-08,,0.0
333,22,14,1447-01-09,,0.0
334,22,14,1447-01-10,,0.0
335,22,14,1447-01-12,,6.0
336,22,14,1447-01-13,,6.0
337,22,14,1447-01-14,,10.0
338,22,14,1447-01-15,,0.0
339,22,14,1447-01-16,,0.0
340,22,14,1447-01-17,,10.0
341,22,14,1447-01-20,,2.0
342,22,14,1447-01-24,,0.5
343,22,14,1447-01-25,,3.0
344,22,14,1447-01-26,,7.0
345,22,14,1447-01-27,,0.0
346,22,14,1447-01-28,,0.0
347,22,14,1447-01-29,,0.0
348,22,14,1447-01-30,,0.0
349,23,14,1447-01-04,,0.0
350,23,14,1447-01-06,,3.0
351,23,14,1447-01-07,,0.0
352,23,14,1447-01-10,,0.0
353,23,14,1447-01-12,,3.0
354,23,14,1447-01-15,,0.0
355,23,14,1447-01-16,,0.0
356,23,14,1447-01-17,,5.0
357,23,14,1447-01-18,,4.0
358,23,14,1447-01-19,,0.0
359,23,14,1447-01-21,,2.0
360,23,14,1447-01-23,,0.0
361,23,14,1447-01-24,,5.0
362,23,14,1447-01-25,,5.0
363,23,14,1447-01-26,,5.0
364,24,14,1447-01-01,,3.0
365,24,14,1447-01-02,,3.0
366,24,14,1447-01-04,,10.0
367,24,14,1447-01-05,,10.0
368,24,14,1447-01-06,,5.0
369,24,14,1447-01-07,,0.0
370,24,14,1447-01-10,,0.0
371,24,14,1447-01-11,,3.0
372,24,14,1447-01-12,,4.0
373,24,14,1447-01-13,,4.0
374,24,14,1447-01-19,,0.0
375,24,14,1447-01-20,,10.0
376,24,14,1447-01-21,,2.0
377,24,14,1447-01-22,,6.0
378,24,14,1447-01-23,,0.0
379,24,14,1447-01-24,,3.0
380,24,14,1447-01-25,,2.0
381,24,14,1447-01-26,,2.0
382,24,14,1447-01-27,,5.0
383,24,14,1447-01-29,,0.0
384,25,14,1447-01-01,,2.0
385,25,14,1447-01-03,,1.0
386,25,14,1447-01-07,,0.0
387,25,14,1447-01-08,,5.0
388,25,14,1447-01-21,,6.0
389,25,14,1447-01-22,,7.0
390,25,14,1447-01-23,,0.0
391,25,14,1447-01-24,,8.0
392,25,14,1447-01-25,,2.0
393,25,14,1447-01-26,,10.0
394,25,14,1447-01-27,,5.0
395,26,14,1447-01-02,,0.0
396,26,14,1447-01-03,,3.0
397,26,14,1447-01-28,,0.0
398,26,14,1447-01-30,,0.0
399,28,14,1447-01-05,,6.0
400,28,14,1447-01-06,,5.0
401,28,14,1447-01-07,,0.0
402,28,14,1447-01-08,,0.0
403,28,14,1447-01-10,,0.0
404,28,14,1447-01-11,,5.0
405,28,14,1447-01-12,,6.0
406,28,14,1447-01-13,,6.0
407,28,14,1447-01-14,,5.0
408,28,14,1447-01-15,,0.0
409,28,14,1447-01-16,,0.0
410,28,14,1447-01-17,,4.0
411,28,14,1447-01-28,,2.0
412,28,14,1447-01-30,,0.0
413,33,14,1447-01-03,,0.0
414,33,14,1447-01-17,,3.0
415,33,14,1447-01-29,,0.0
416,35,14,1447-01-01,,0.0
417,35,14,1447-01-02,,0.0
418,35,14,1447-01-03,,2.0
419,35,14,1447-01-04,,3.0
420,35,14,1447-01-05,,0.0
421,35,14,1447-01-06,,0.0
422,35,14,1447-01-07,,0.0
423,35,14,1447-01-08,,3.0
424,35,14,1447-01-09,,2.0
425,35,14,1447-01-10,,0.0
426,35,14,1447-01-11,,2.0
427,35,14,1447-01-12,,0.0
428,35,14,1447-01-13,,0.0
429,35,14,1447-01-14,,5.0
430,35,14,1447-01-15,,0.0
431,35,14,1447-01-16,,0.0
432,35,14,1447-01-22,,2.0
433,35,14,1447-01-24,,10.0
434,35,14,1447-01-25,,2.0
435,35,14,1447-01-26,,0.0
436,35,14,1447-01-27,,0.0
437,35,14,1447-01-28,,0.0
438,35,14,1447-01-29,,0.0
439,35,14,1447-01-30,,0.0
440,36,14,1447-01-01,,2.0
441,36,14,1447-01-02,,2.0
442,36,14,1447-01-03,,4.0
443,36,14,1447-01-04,,2.0
444,36,14,1447-01-05,,6.0
445,36,14,1447-01-06,,6.0
446,36,14,1447-01-09,,0.0
447,36,14,1447-01-10,,0.0
448,36,14,1447-01-13,,0.0
449,36,14,1447-01-14,,2.0
450,36,14,1447-01-15,,0.0
451,36,14,1447-01-19,,0.0
452,36,14,1447-01-20,,8.0
453,36,14,1447-01-21,,10.0
454,36,14,1447-01-22,,6.0
455,36,14,1447-01-23,,0.0
456,36,14,1447-01-24,,5.0
457,36,14,1447-01-25,,4.0
458,36,14,1447-01-26,,10.0
459,36,14,1447-01-27,,5.0
460,36,14,1447-01-29,,0.0
461,36,14,1447-01-30,,0.0
462,37,14,1447-01-03,,2.0
463,37,14,1447-01-04,,0.0
464,37,14,1447-01-05,,0.0
465,37,14,1447-01-26,,0.0
466,38,14,1447-01-04,,0.0
467,38,14,1447-01-05,,3.0
468,38,14,1447-01-07,,0.0
469,38,14,1447-01-08,,0.0
470,38,14,1447-01-09,,0.0
471,38,14,1447-01-10,,0.0
472,38,14,1447-01-14,,10.0
473,38,14,1447-01-15,,0.0
474,38,14,1447-01-16,,0.0
475,38,14,1447-01-17,,1.0
476,38,14,1447-01-18,,0.0
477,38,14,1447-01-19,,0.0
478,38,14,1447-01-20,,0.0
479,38,14,1447-01-21,,0.0
480,38,14,1447-01-22,,2.0
481,38,14,1447-01-25,,4.0
482,38,14,1447-01-27,,0.0
483,38,14,1447-01-28,,0.0
484,38,14,1447-01-30,,0.0
485,39,14,1447-01-01,,0.0
486,39,14,1447-01-03,,2.0
487,39,14,1447-01-04,,6.0
488,39,14,1447-01-06,,0.0
489,39,14,1447-01-08,,3.0
490,39,14,1447-01-10,,0.0
491,39,14,1447-01-13,,4.0
492,39,14,1447-01-19,,0.0
493,39,14,1447-01-20,,5.0
494,39,14,1447-01-21,,4.0
495,39,14,1447-01-22,,3.0
496,39,14,1447-01-23,,0.0
497,39,14,1447-01-24,,5.0
498,39,14,1447-01-25,,4.0
499,39,14,1447-01-26,,8.0
500,39,14,1447-01-27,,9.0
501,39,14,1447-01-28,,3.0
502,39,14,1447-01-29,,0.0
503,39,14,1447-01-30,,0.0
504,40,14,1447-01-01,,2.0
505,40,14,1447-01-02,,1.0
506,40,14,1447-01-03,,2.0
507,40,14,1447-01-04,,5.0
508,40,14,1447-01-05,,2.0
509,40,14,1447-01-06,,6.0
510,40,14,1447-01-07,,0.0
511,40,14,1447-01-08,,4.0
512,40,14,1447-01-09,,0.0
513,40,14,1447-01-10,,0.0
514,40,14,1447-01-11,,10.0
515,40,14,1447-01-12,,6.0
516,40,14,1447-01-13,,3.0
517,40,14,1447-01-14,,10.0
518,40,14,1447-01-15,,0.0
519,40,14,1447-01-16,,0.0
520,40,14,1447-01-17,,3.0
521,40,14,1447-01-18,,5.0
522,40,14,1447-01-19,,0.0
523,40,14,1447-01-20,,7.0
524,40,14,1447-01-21,,0.0
525,40,14,1447-01-22,,0.0
526,40,14,1447-01-23,,0.0
527,40,14,1447-01-24,,6.0
528,40,14,1447-01-26,,6.0
529,40,14,1447-01-27,,4.0
530,40,14,1447-01-28,,5.0
531,40,14,1447-01-29,,0.0
532,40,14,1447-01-30,,0.0
533,44,14,1447-01-20,,0.0
534,45,14,1447-01-02,,1.0
535,45,14,1447-01-03,0.5,
536,45,14,1447-01-04,0.5,
537,45,14,1447-01-05,,2.0
538,45,14,1447-01-07,,0.0
539,45,14,1447-01-08,,0.0
540,45,14,1447-01-10,,0.0
541,45,14,1447-01-11,,2.0
542,45,14,1447-01-12,,2.0
543,45,14,1447-01-13,,2.0
544,45,14,1447-01-14,,6.0
545,45,14,1447-01-15,,0.0
546,45,14,1447-01-18,,8.0
547,45,14,1447-01-19,,0.0
548,45,14,1447-01-20,,12.0
549,45,14,1447-01-23,,0.0
550,45,14,1447-01-24,,10.0
551,45,14,1447-01-25,,5.0
552,45,14,1447-01-26,,10.0
553,45,14,1447-01-28,,0.0
554,45,14,1447-01-29,,0.0
555,45,14,1447-01-30,,0.0
556,46,14,1447-01-02,,0.0
557,46,14,1447-01-03,,2.0
558,46,14,1447-01-05,,1.0
559,46,14,1447-01-06,,1.0
560,46,14,1447-01-09,,3.0
561,46,14,1447-01-11,,0.0
562,46,14,1447-01-12,,0.0
563,46,14,1447-01-13,,0.0
564,46,14,1447-01-14,,2.0
565,46,14,1447-01-15,0.5,
566,46,14,1447-01-16,,0.0
567,46,14,1447-01-18,,0.0
568,46,14,1447-01-19,,0.0
569,46,14,1447-01-20,,5.0
570,46,14,1447-01-21,,0.0
571,46,14,1447-01-22,,4.0
572,46,14,1447-01-23,,0.0
573,46,14,1447-01-24,,0.0
574,46,14,1447-01-25,,2.0
575,46,14,1447-01-26,,2.0
576,46,14,1447-01-27,,3.0
577,46,14,1447-01-28,,0.0
578,46,14,1447-01-29,,0.0
579,46,14,1447-01-30,,0.0
580,47,14,1447-01-02,,0.0
581,47,14,1447-01-03,,6.0
582,47,14,1447-01-05,,1.0
583,47,14,1447-01-10,,0.0
584,47,14,1447-01-11,,0.0
585,47,14,1447-01-12,,0.0
586,47,14,1447-01-13,,3.0
587,47,14,1447-01-14,,2.0
588,47,14,1447-01-15,,0.0
589,47,14,1447-01-16,,0.0
590,47,14,1447-01-18,,8.0
591,47,14,1447-01-19,,0.0
592,47,14,1447-01-20,,3.0
593,47,14,1447-01-21,,2.0
594,47,14,1447-01-23,,3.0
595,47,14,1447-01-24,,0.0
596,47,14,1447-01-25,,1.0
597,47,14,1447-01-26,,2.0
598,47,14,1447-01-27,,1.0
599,47,14,1447-01-28,,0.0
600,47,14,1447-01-29,,0.0
601,47,14,1447-01-30,,0.0
602,1,2,1447-02-01,,5.0
603,1,2,1447-02-02,,4.0
604,1,2,1447-02-03,,6.0
605,1,2,1447-02-04,1.0,
606,1,2,1447-02-05,1.0,8.0
607,1,2,1447-02-06,2.0,7.0
608,1,2,1447-02-07,1.0,5.0
609,1,2,1447-02-08,,12.0
610,1,2,1447-02-09,1.0,7.0
611,1,2,1447-02-10,,7.0
612,1,2,1447-02-11,,10.0
613,1,2,1447-02-12,,0.0
614,1,2,1447-02-13,,5.0
615,1,2,1447-02-14,,4.0
616,1,2,1447-02-15,,0.0
617,1,2,1447-02-16,,0.0
618,1,2,1447-02-17,,0.0
619,1,2,1447-02-18,,0.0
620,1,2,1447-02-19,,0.0
621,1,2,1447-02-20,,0.0
622,1,2,1447-02-21,,0.0
623,1,2,1447-02-22,2.0,8.0
624,1,2,1447-02-23,2.0,10.0
625,1,2,1447-02-24,1.0,10.0
626,1,2,1447-02-25,,0.0
627,1,2,1447-02-26,,7.0
628,1,2,1447-02-27,,0.0
629,1,2,1447-02-28,1.0,
630,1,2,1447-02-29,,10.0
631,3,2,1447-02-02,,4.0
632,3,2,1447-02-03,,3.0
633,3,2,1447-02-04,,3.0
634,3,2,1447-02-05,,4.0
635,3,2,1447-02-06,,6.0
636,3,2,1447-02-07,,4.0
637,3,2,1447-02-08,,4.0
638,3,2,1447-02-09,,6.0
639,3,2,1447-02-10,,0.0
640,3,2,1447-02-15,,0.0
641,3,2,1447-02-16,,0.0
642,3,2,1447-02-17,,0.0
643,3,2,1447-02-18,,0.0
644,3,2,1447-02-19,,0.0
645,3,2,1447-02-20,,0.0
646,3,2,1447-02-21,,0.0
647,3,2,1447-02-22,,8.0
648,3,2,1447-02-23,0.5,10.0
649,3,2,1447-02-24,0.5,9.0
650,3,2,1447-02-25,,0.0
651,3,2,1447-02-26,,7.0
652,3,2,1447-02-27,,0.0
653,3,2,1447-02-28,,3.0
654,3,2,1447-02-29,,6.0
655,5,2,1447-02-01,,1.0
656,5,2,1447-02-02,,2.0
657,5,2,1447-02-03,,2.0
658,5,2,1447-02-04,,1.0
659,5,2,1447-02-05,,6.0
660,5,2,1447-02-06,,6.0
661,5,2,1447-02-08,,4.0
662,5,2,1447-02-10,,4.0
663,5,2,1447-02-11,,3.0
664,5,2,1447-02-12,,4.0
665,5,2,1447-02-16,,0.0
666,5,2,1447-02-17,,0.0
667,5,2,1447-02-18,,0.0
668,5,2,1447-02-19,,0.0
669,5,2,1447-02-20,,0.0
670,5,2,1447-02-21,,0.0
671,5,2,1447-02-22,,10.0
672,5,2,1447-02-23,,0.0
673,5,2,1447-02-24,0.5,10.0
674,5,2,1447-02-25,,0.0
675,5,2,1447-02-26,,9.0
676,5,2,1447-02-27,,0.0
677,5,2,1447-02-28,,10.0
678,5,2,1447-02-29,,0.0
679,6,2,1447-02-01,,7.0
680,6,2,1447-02-02,,5.0
681,6,2,1447-02-03,,0.0
682,6,2,1447-02-04,,6.0
683,6,2,1447-02-06,,4.0
684,6,2,1447-02-07,,7.0
685,6,2,1447-02-08,,6.0
686,6,2,1447-02-09,,5.0
687,6,2,1447-02-10,,9.0
688,6,2,1447-02-11,,4.0
689,6,2,1447-02-12,,5.0
690,6,2,1447-02-14,0.0,
691,6,2,1447-02-15,0.0,
692,6,2,1447-02-16,,0.0
693,6,2,1447-02-17,,0.0
694,6,2,1447-02-18,,0.0
695,6,2,1447-02-19,,0.0
696,6,2,1447-02-22,,10.0
697,6,2,1447-02-23,,10.0
698,6,2,1447-02-24,1.0,8.0
699,6,2,1447-02-27,,0.0
700,6,2,1447-02-29,,6.0
701,7,2,1447-02-01,,4.0
702,7,2,1447-02-02,,6.0
703,7,2,1447-02-04,,3.0
704,7,2,1447-02-05,,7.0
705,7,2,1447-02-06,,9.0
706,7,2,1447-02-10,,6.0
707,7,2,1447-02-18,,0.0
708,7,2,1447-02-19,,0.0
709,7,2,1447-02-23,,10.0
710,7,2,1447-02-24,,10.0
711,7,2,1447-02-26,,10.0
712,7,2,1447-02-27,,0.0
713,7,2,1447-02-29,1.0,10.0
714,8,2,1447-02-01,,0.0
715,8,2,1447-02-02,0.5,
716,8,2,1447-02-04,,4.0
717,8,2,1447-02-05,,0.0
718,8,2,1447-02-19,,0.0
719,8,2,1447-02-20,,0.0
720,8,2,1447-02-28,,0.0
721,12,2,1447-02-01,,2.0
722,12,2,1447-02-02,,4.0
723,12,2,1447-02-03,,6.0
724,12,2,1447-02-04,,4.0
725,12,2,1447-02-05,,5.0
726,12,2,1447-02-07,,2.0
727,12,2,1447-02-18,,0.0
728,12,2,1447-02-19,,0.0
729,12,2,1447-02-25,,0.0
730,12,2,1447-02-26,,3.0
731,12,2,1447-02-27,,0.0
732,12,2,1447-02-28,,6.0
733,12,2,1447-02-29,,5.0
734,13,14,1447-02-01,,10.0
735,13,14,1447-02-02,1.0,10.0
736,13,14,1447-02-03,,8.0
737,13,14,1447-02-04,2.0,10.0
738,13,14,1447-02-05,2.0,6.0
739,13,14,1447-02-06,2.0,8.0
740,13,14,1447-02-08,1.0,10.0
741,13,14,1447-02-09,,6.0
742,13,14,1447-02-10,,30.0
743,13,14,1447-02-11,2.0,30.0
744,13,14,1447-02-12,,10.0
745,13,14,1447-02-13,,10.0
746,13,14,1447-02-14,,10.0
747,13,14,1447-02-15,,0.0
748,13,14,1447-02-16,,0.0
749,13,14,1447-02-17,,0.0
750,13,14,1447-02-18,,0.0
751,13,14,1447-02-19,,0.0
752,13,14,1447-02-24,2.0,
753,13,14,1447-02-25,1.0,6.0
754,13,14,1447-02-27,,5.0
755,13,14,1447-02-29,,12.0
756,15,14,1447-02-05,,10.0
757,15,14,1447-02-06,,5.0
758,15,14,1447-02-10,,3.0
759,15,14,1447-02-11,,3.0
760,15,14,1447-02-12,,5.0
761,15,14,1447-02-13,,10.0
762,15,14,1447-02-14,,5.0
763,15,14,1447-02-15,,0.0
764,15,14,1447-02-16,,0.0
765,15,14,1447-02-17,,0.0
766,15,14,1447-02-18,,0.0
767,15,14,1447-02-19,,0.0
768,16,14,1447-02-01,,10.0
769,16,14,1447-02-02,,5.0
770,16,14,1447-02-03,1.0,20.0
771,16,14,1447-02-04,1.0,
772,16,14,1447-02-05,1.0,20.0
773,16,14,1447-02-06,1.0,
774,16,14,1447-02-07,,0.0
775,16,14,1447-02-08,,30.0
776,16,14,1447-02-09,1.0,20.0
777,16,14,1447-02-10,,10.0
778,16,14,1447-02-11,1.0,
779,16,14,1447-02-12,,10.0
780,16,14,1447-02-13,1.0,10.0
781,16,14,1447-02-14,1.0,
782,16,14,1447-02-15,,0.0
783,16,14,1447-02-16,,0.0
784,16,14,1447-02-17,,0.0
785,16,14,1447-02-18,,0.0
786,16,14,1447-02-19,,0.0
787,16,14,1447-02-20,,0.0
788,16,14,1447-02-21,,0.0
789,16,14,1447-02-22,1.0,
790,16,14,1447-02-23,1.0,
791,16,14,1447-02-24,,12.0
792,16,14,1447-02-25,,8.0
793,16,14,1447-02-26,,0.0
794,16,14,1447-02-27,,0.0
795,16,14,1447-02-28,,0.0
796,16,14,1447-02-29,,0.0
797,17,14,1447-02-01,,6.0
798,17,14,1447-02-02,,6.0
799,17,14,1447-02-03,,8.0
800,17,14,1447-02-04,,8.0
801,17,14,1447-02-05,,10.0
802,17,14,1447-02-06,,8.0
803,17,14,1447-02-07,,0.0
804,17,14,1447-02-08,,7.0
805,17,14,1447-02-09,,13.0
806,17,14,1447-02-10,,10.0
807,17,14,1447-02-11,,10.0
808,17,14,1447-02-12,,8.0
809,17,14,1447-02-13,,7.0
810,17,14,1447-02-14,,5.0
811,17,14,1447-02-15,,0.0
812,17,14,1447-02-16,,0.0
813,17,14,1447-02-17,,0.0
814,17,14,1447-02-18,,0.0
815,17,14,1447-02-19,,0.0
816,17,14,1447-02-20,,0.0
817,17,14,1447-02-21,,0.0
818,17,14,1447-02-22,,1.0
819,17,14,1447-02-23,,1.0
820,17,14,1447-02-24,,2.0
821,17,14,1447-02-25,,0.5
822,17,14,1447-02-26,,0.5
823,17,14,1447-02-27,,0.0
824,17,14,1447-02-28,,0.0
825,17,14,1447-02-29,,2.0
826,18,14,1447-02-01,,20.0
827,18,14,1447-02-02,,13.0
828,18,14,1447-02-03,,12.0
829,18,14,1447-02-04,,2.0
830,18,14,1447-02-05,,0.0
831,18,14,1447-02-06,,0.0
832,18,14,1447-02-07,,0.0
833,18,14,1447-02-08,0.5,20.0
834,18,14,1447-02-10,,0.0
835,18,14,1447-02-11,1.0,
836,18,14,1447-02-12,,5.0
837,18,14,1447-02-13,,0.0
838,18,14,1447-02-14,,3.0
839,18,14,1447-02-15,,0.0
840,18,14,1447-02-16,,0.0
841,18,14,1447-02-17,,0.0
842,18,14,1447-02-18,,0.0
843,18,14,1447-02-19,,0.0
844,18,14,1447-02-21,,0.0
845,18,14,1447-02-22,0.5,6.0
846,18,14,1447-02-23,0.5,
847,18,14,1447-02-24,,5.0
848,18,14,1447-02-25,,10.0
849,18,14,1447-02-26,,6.0
850,18,14,1447-02-27,,0.0
851,18,14,1447-02-28,,0.0
852,18,14,1447-02-29,,6.0
853,19,14,1447-02-01,,5.0
854,19,14,1447-02-03,,6.0
855,19,14,1447-02-04,,10.0
856,19,14,1447-02-05,,10.0
857,19,14,1447-02-06,,0.0
858,19,14,1447-02-07,,0.0
859,19,14,1447-02-08,,2.0
860,19,14,1447-02-09,,8.0
861,19,14,1447-02-10,,8.0
862,19,14,1447-02-11,,5.0
863,19,14,1447-02-12,,4.0
864,19,14,1447-02-13,,5.0
865,19,14,1447-02-14,,3.0
866,19,14,1447-02-15,,0.0
867,19,14,1447-02-16,,0.0
868,19,14,1447-02-17,,0.0
869,19,14,1447-02-18,,0.0
870,19,14,1447-02-19,,0.0
871,19,14,1447-02-20,,0.0
872,19,14,1447-02-21,,0.0
873,19,14,1447-02-22,,0.0
874,19,14,1447-02-23,,0.0
875,19,14,1447-02-25,,5.0
876,19,14,1447-02-27,,0.0
877,19,14,1447-02-29,,0.0
878,20,14,1447-02-01,,4.0
879,20,14,1447-02-03,,6.0
880,20,14,1447-02-05,,6.0
881,20,14,1447-02-06,,0.0
882,20,14,1447-02-07,,7.0
883,20,14,1447-02-08,,10.0
884,20,14,1447-02-09,,6.0
885,20,14,1447-02-10,,5.0
886,20,14,1447-02-11,,8.0
887,20,14,1447-02-13,,0.0
888,20,14,1447-02-14,,3.0
889,20,14,1447-02-15,,0.0
890,20,14,1447-02-16,,0.0
891,20,14,1447-02-17,,0.0
892,20,14,1447-02-18,,0.0
893,20,14,1447-02-19,,0.0
894,20,14,1447-02-20,,0.0
895,20,14,1447-02-21,,0.0
896,20,14,1447-02-22,,1.0
897,20,14,1447-02-23,,1.0
898,20,14,1447-02-24,,0.0
899,20,14,1447-02-26,,0.0
900,20,14,1447-02-27,,0.0
901,20,14,1447-02-29,,2.0
902,21,14,1447-02-01,,4.0
903,21,14,1447-02-03,,0.0
904,21,14,1447-02-04,0.5,7.0
905,21,14,1447-02-05,0.5,8.0
906,21,14,1447-02-06,,0.0
907,21,14,1447-02-07,,10.0
908,21,14,1447-02-08,,2.0
909,21,14,1447-02-09,,6.0
910,21,14,1447-02-10,0.5,
911,21,14,1447-02-11,,8.0
912,21,14,1447-02-12,,5.0
913,21,14,1447-02-13,,6.0
914,21,14,1447-02-14,,4.0
915,21,14,1447-02-15,,0.0
916,21,14,1447-02-16,,0.0
917,21,14,1447-02-17,,0.0
918,21,14,1447-02-18,,0.0
919,21,14,1447-02-19,,0.0
920,21,14,1447-02-20,,0.0
921,21,14,1447-02-21,,1.0
922,21,14,1447-02-22,,1.0
923,21,14,1447-02-23,,3.0
924,21,14,1447-02-24,,2.0
925,21,14,1447-02-25,,3.0
926,21,14,1447-02-26,,0.0
927,21,14,1447-02-27,,0.0
928,21,14,1447-02-28,,0.0
929,21,14,1447-02-29,,7.0
930,22,14,1447-02-01,,2.0
931,22,14,1447-02-02,,0.0
932,22,14,1447-02-03,,0.0
933,22,14,1447-02-04,,0.0
934,22,14,1447-02-05,,0.0
935,22,14,1447-02-06,,0.0
936,22,14,1447-02-07,,0.0
937,22,14,1447-02-08,,0.0
938,22,14,1447-02-10,,6.0
939,22,14,1447-02-11,,6.0
940,22,14,1447-02-12,,4.0
941,22,14,1447-02-13,,5.0
942,22,14,1447-02-14,,2.0
943,22,14,1447-02-15,,0.0
944,22,14,1447-02-16,,0.0
945,22,14,1447-02-17,,0.0
946,22,14,1447-02-18,,0.0
947,22,14,1447-02-19,,0.0
948,22,14,1447-02-20,,0.0
949,22,14,1447-02-21,,0.0
950,22,14,1447-02-22,,0.0
951,22,14,1447-02-23,0.5,
952,22,14,1447-02-24,0.5,
953,22,14,1447-02-25,0.5,
954,22,14,1447-02-26,,3.0
955,22,14,1447-02-27,,0.0
956,22,14,1447-02-28,,0.0
957,22,14,1447-02-29,,3.0
958,23,14,1447-02-10,,5.0
959,23,14,1447-02-11,,3.0
960,24,14,1447-02-01,,0.0
961,24,14,1447-02-02,,0.0
962,24,14,1447-02-04,,3.0
963,24,14,1447-02-05,,2.0
964,24,14,1447-02-06,,6.0
965,24,14,1447-02-09,,3.0
966,24,14,1447-02-10,,2.0
967,24,14,1447-02-11,,3.0
968,24,14,1447-02-12,,3.0
969,24,14,1447-02-13,,3.0
970,24,14,1447-02-22,,3.0
971,24,14,1447-02-23,,0.0
972,24,14,1447-02-24,0.5,
973,24,14,1447-02-25,0.5,
974,24,14,1447-02-26,,0.0
975,24,14,1447-02-27,,0.0
976,25,14,1447-02-02,,3.0
977,25,14,1447-02-03,,3.0
978,25,14,1447-02-05,,2.0
979,25,14,1447-02-06,,0.0
980,25,14,1447-02-07,,0.0
981,25,14,1447-02-08,,3.0
982,25,14,1447-02-09,,2.0
983,25,14,1447-02-10,,3.0
984,25,14,1447-02-11,,2.0
985,25,14,1447-02-20,,0.0
986,25,14,1447-02-21,,0.0
987,25,14,1447-02-23,,0.0
988,25,14,1447-02-24,0.5,
989,25,14,1447-02-25,0.0,0.5
990,25,14,1447-02-27,,0.0
991,25,14,1447-02-28,,0.0
992,25,14,1447-02-29,0.5,
993,26,14,1447-02-25,,3.0
994,26,14,1447-02-28,0.0,
995,26,14,1447-02-29,0.5,
996,28,14,1447-02-20,,0.0
997,30,14,1447-02-27,,0.0
998,30,14,1447-02-28,,0.0
999,30,14,1447-02-29,,4.0
1000,33,14,1447-02-27,,0.0
1001,33,14,1447-02-28,,0.0
1002,34,14,1447-02-01,,0.0
1003,34,14,1447-02-02,,0.0
1004,34,14,1447-02-20,,0.0
1005,35,14,1447-02-20,,0.0
1006,35,14,1447-02-21,,0.0
1007,35,14,1447-02-23,,0.0
1008,35,14,1447-02-24,,0.0
1009,35,14,1447-02-25,,3.0
1010,35,14,1447-02-26,,2.0
1011,35,14,1447-02-27,,0.0
1012,35,14,1447-02-28,,0.0
1013,35,14,1447-02-29,,0.0
1014,37,14,1447-02-18,,0.0
1015,37,14,1447-02-19,,0.0
1016,38,14,1447-02-05,,5.0
1017,38,14,1447-02-06,,0.0
1018,38,14,1447-02-07,,0.0
1019,38,14,1447-02-12,0.0,
1020,38,14,1447-02-21,,0.0
1021,38,14,1447-02-22,,5.0
1022,38,14,1447-02-23,,0.0
1023,38,14,1447-02-24,,0.0
1024,38,14,1447-02-26,,3.0
1025,38,14,1447-02-27,,0.0
1026,38,14,1447-02-28,,0.0
1027,39,14,1447-02-09,,0.0
1028,39,14,1447-02-10,,2.0
1029,39,14,1447-02-11,,5.0
1030,39,14,1447-02-12,0.5,
1031,39,14,1447-02-15,,0.0
1032,39,14,1447-02-16,,0.0
1033,39,14,1447-02-17,,0.0
1034,39,14,1447-02-18,,0.0
1035,39,14,1447-02-19,,0.0
1036,39,14,1447-02-20,,0.0
1037,39,14,1447-02-21,0.5,
1038,39,14,1447-02-22,0.5,
1039,39,14,1447-02-23,0.5,
1040,39,14,1447-02-24,,0.0
1041,39,14,1447-02-26,0.5,
1042,39,14,1447-02-27,,0.0
1043,39,14,1447-02-28,,0.0
1044,39,14,1447-02-29,0.5,
1045,40,14,1447-02-01,,0.0
1046,40,14,1447-02-02,,6.0
1047,40,14,1447-02-03,,3.0
1048,40,14,1447-02-04,,6.0
1049,40,14,1447-02-05,,10.0
1050,40,14,1447-02-06,,0.0
1051,40,14,1447-02-07,,0.0
1052,40,14,1447-02-09,,10.0
1053,40,14,1447-02-10,,2.0
1054,40,14,1447-02-11,,5.0
1055,40,14,1447-02-12,,4.0
1056,40,14,1447-02-13,,2.0
1057,40,14,1447-02-15,,0.0
1058,40,14,1447-02-16,,0.0
1059,40,14,1447-02-17,,0.0
1060,40,14,1447-02-18,,0.0
1061,40,14,1447-02-19,,0.0
1062,40,14,1447-02-20,,0.0
1063,40,14,1447-02-21,,0.0
1064,40,14,1447-02-23,0.5,
1065,40,14,1447-02-24,0.5,
1066,40,14,1447-02-26,0.0,
1067,40,14,1447-02-27,,0.0
1068,40,14,1447-02-28,,0.0
1069,40,14,1447-02-29,0.5,
1070,44,14,1447-02-29,0.0,
1071,45,14,1447-02-01,0.5,
1072,45,14,1447-02-02,0.5,
1073,45,14,1447-02-03,,4.0
1074,45,14,1447-02-04,0.5,
1075,45,14,1447-02-06,0.5,
1076,45,14,1447-02-07,,0.0
1077,45,14,1447-02-09,,1.0
1078,45,14,1447-02-10,0.5,
1079,45,14,1447-02-11,0.5,
1080,45,14,1447-02-12,,2.0
1081,45,14,1447-02-15,,0.0
1082,45,14,1447-02-16,,0.0
1083,45,14,1447-02-17,,0.0
1084,45,14,1447-02-18,,0.0
1085,45,14,1447-02-19,,0.0
1086,45,14,1447-02-21,,0.0
1087,45,14,1447-02-22,,0.0
1088,45,14,1447-02-24,,4.0
1089,45,14,1447-02-26,,5.0
1090,45,14,1447-02-27,0.0,
1091,45,14,1447-02-28,0.0,
1092,45,14,1447-02-29,0.5,5.0
1093,46,14,1447-02-01,,0.0
1094,46,14,1447-02-02,,1.0
1095,46,14,1447-02-03,,2.0
1096,46,14,1447-02-05,,1.0
1097,46,14,1447-02-07,,0.0
1098,46,14,1447-02-08,,0.0
1099,46,14,1447-02-11,,3.0
1100,46,14,1447-02-19,,0.0
1101,46,14,1447-02-20,,0.0
1102,46,14,1447-02-27,0.0,
1103,46,14,1447-02-28,0.0,
1104,47,14,1447-02-02,,2.0
1105,47,14,1447-02-03,,1.0
1106,47,14,1447-02-05,,0.0
1107,47,14,1447-02-07,,0.0
1108,47,14,1447-02-08,,1.0
1109,47,14,1447-02-09,,1.0
1110,47,14,1447-02-19,,0.0
1111,47,14,1447-02-20,,0.0
1112,47,14,1447-02-27,0.0,
1113,47,14,1447-02-28,0.0,
1114,47,14,1447-02-29,0.0,
1115,1,2,1447-03-01,1.0,9.0
1116,1,2,1447-03-02,,0.0
1117,1,2,1447-03-03,2.0,10.0
1118,1,2,1447-03-04,1.0,10.0
1119,1,2,1447-03-05,,8.0
1120,1,2,1447-03-06,1.0,3.0
1121,1,2,1447-03-07,1.0,6.0
1122,1,2,1447-03-08,1.0,7.0
1123,1,2,1447-03-09,,0.0
1124,1,2,1447-03-10,1.0,3.0
1125,1,2,1447-03-11,,3.0
1126,1,2,1447-03-12,,6.0
1127,1,2,1447-03-13,,9.0
1128,1,2,1447-03-14,,11.0
1129,1,2,1447-03-15,,10.0
1130,1,2,1447-03-16,,0.0
1131,1,2,1447-03-17,0.5,7.0
1132,1,2,1447-03-18,1.0,10.0
1133,1,2,1447-03-19,1.0,4.0
1134,1,2,1447-03-20,,0.0
1135,1,2,1447-03-21,,8.0
1136,1,2,1447-03-22,1.0,10.0
1137,1,2,1447-03-23,2.0,10.0
1138,1,2,1447-03-24,,9.0
1139,1,2,1447-03-25,1.0,
1140,1,2,1447-03-26,,0.0
1141,1,2,1447-03-27,,0.0
1142,1,2,1447-03-28,,0.0
1143,1,2,1447-03-29,,5.0
1144,1,2,1447-03-30,0.0,
1145,3,2,1447-03-01,0.5,7.0
1146,3,2,1447-03-02,,0.0
1147,3,2,1447-03-03,,10.0
1148,3,2,1447-03-04,,8.0
1149,3,2,1447-03-05,,8.0
1150,3,2,1447-03-06,,4.0
1151,3,2,1447-03-07,,0.0
1152,3,2,1447-03-08,0.5,
1153,3,2,1447-03-09,,0.0
1154,3,2,1447-03-10,,5.0
1155,3,2,1447-03-11,,4.0
1156,3,2,1447-03-12,,0.0
1157,3,2,1447-03-13,0.5,4.0
1158,3,2,1447-03-19,,3.0
1159,3,2,1447-03-20,,0.0
1160,3,2,1447-03-21,,3.0
1161,3,2,1447-03-23,0.5,3.0
1162,3,2,1447-03-24,0.5,3.0
1163,3,2,1447-03-25,,3.0
1164,3,2,1447-03-26,,0.0
1165,3,2,1447-03-28,,4.0
1166,3,2,1447-03-29,0.5,
1167,3,2,1447-03-30,0.0,
1168,4,2,1447-03-09,,0.0
1169,4,2,1447-03-10,,10.0
1170,4,2,1447-03-11,,10.0
1171,4,2,1447-03-12,,0.0
1172,4,2,1447-03-14,,10.0
1173,4,2,1447-03-15,,10.0
1174,4,2,1447-03-16,,0.0
1175,4,2,1447-03-17,,4.0
1176,4,2,1447-03-18,,6.0
1177,4,2,1447-03-19,,8.0
1178,4,2,1447-03-20,,0.0
1179,4,2,1447-03-21,,8.0
1180,4,2,1447-03-22,,8.0
1181,4,2,1447-03-23,,7.0
1182,4,2,1447-03-24,,9.0
1183,4,2,1447-03-25,,7.0
1184,4,2,1447-03-26,,0.0
1185,4,2,1447-03-27,,0.0
1186,4,2,1447-03-28,,6.0
1187,4,2,1447-03-30,0.0,
1188,5,2,1447-03-01,,4.0
1189,5,2,1447-03-02,,0.0
1190,5,2,1447-03-04,,4.0
1191,5,2,1447-03-07,,0.0
1192,5,2,1447-03-08,,10.0
1193,5,2,1447-03-09,,0.0
1194,5,2,1447-03-11,,8.0
1195,5,2,1447-03-12,,0.0
1196,5,2,1447-03-16,,0.0
1197,5,2,1447-03-18,,10.0
1198,5,2,1447-03-22,,7.0
1199,5,2,1447-03-23,,3.0
1200,5,2,1447-03-24,,3.0
1201,5,2,1447-03-25,,7.0
1202,5,2,1447-03-26,,0.0
1203,5,2,1447-03-27,,0.0
1204,6,2,1447-03-01,,0.0
1205,6,2,1447-03-02,,0.0
1206,6,2,1447-03-07,,8.0
1207,6,2,1447-03-08,,5.0
1208,6,2,1447-03-09,,0.0
1209,6,2,1447-03-10,1.0,
1210,6,2,1447-03-14,,8.0
1211,6,2,1447-03-15,,7.0
1212,6,2,1447-03-16,,0.0
1213,6,2,1447-03-19,,4.0
1214,6,2,1447-03-21,1.0,5.0
1215,6,2,1447-03-25,,8.0
1216,6,2,1447-03-26,,0.0
1217,6,2,1447-03-28,,8.0
1218,7,2,1447-03-01,0.5,14.0
1219,7,2,1447-03-02,,0.0
1220,7,2,1447-03-03,,8.0
1221,7,2,1447-03-04,0.5,9.0
1222,7,2,1447-03-07,,0.0
1223,7,2,1447-03-09,,0.0
1224,7,2,1447-03-14,0.5,10.0
1225,7,2,1447-03-15,,7.0
1226,7,2,1447-03-19,,9.0
1227,7,2,1447-03-21,1.0,
1228,7,2,1447-03-22,0.5,
1229,7,2,1447-03-23,,5.0
1230,7,2,1447-03-25,,4.0
1231,7,2,1447-03-26,,0.0
1232,12,2,1447-03-01,,4.0
1233,12,2,1447-03-02,,0.0
1234,12,2,1447-03-03,,4.0
1235,12,2,1447-03-04,,7.0
1236,12,2,1447-03-05,,9.0
1237,12,2,1447-03-07,,0.0
1238,12,2,1447-03-08,,5.0
1239,12,2,1447-03-09,,0.0
1240,12,2,1447-03-10,,4.0
1241,12,2,1447-03-11,,3.0
1242,12,2,1447-03-19,,3.0
1243,12,2,1447-03-22,,0.0
1244,12,2,1447-03-25,,3.0
1245,12,2,1447-03-26,,0.0
1246,13,14,1447-03-01,1.0,10.0
1247,13,14,1447-03-02,,0.0
1248,13,14,1447-03-03,,6.0
1249,13,14,1447-03-07,,8.0
1250,13,14,1447-03-08,,12.0
1251,13,14,1447-03-09,1.0,
1252,16,14,1447-03-02,,0.0
1253,16,14,1447-03-03,,7.0
1254,16,14,1447-03-04,1.0,6.0
1255,16,14,1447-03-05,1.0,10.0
1256,16,14,1447-03-06,,0.0
1257,16,14,1447-03-07,,6.0
1258,16,14,1447-03-08,,15.0
1259,16,14,1447-03-09,,15.0
1260,16,14,1447-03-10,1.0,10.0
1261,16,14,1447-03-11,,10.0
1262,16,14,1447-03-12,,6.0
1263,16,14,1447-03-13,0.5,10.0
1264,16,14,1447-03-14,0.5,10.0
1265,16,14,1447-03-15,0.5,
1266,16,14,1447-03-16,1.0,10.0
1267,16,14,1447-03-17,1.0,
1268,16,14,1447-03-18,0.0,
1269,16,14,1447-03-19,0.0,
1270,16,14,1447-03-20,,6.0
1271,16,14,1447-03-21,1.0,
1272,16,14,1447-03-22,1.0,
1273,16,14,1447-03-23,1.0,10.0
1274,16,14,1447-03-24,,0.0
1275,16,14,1447-03-25,,0.0
1276,16,14,1447-03-26,,0.0
1277,16,14,1447-03-27,1.0,
1278,16,14,1447-03-28,1.0,10.0
1279,16,14,1447-03-29,0.5,
1280,16,14,1447-03-30,,0.0
1281,17,14,1447-03-01,,0.0
1282,17,14,1447-03-02,,0.0
1283,17,14,1447-03-03,,6.0
1284,17,14,1447-03-04,,6.0
1285,17,14,1447-03-05,,5.0
1286,17,14,1447-03-06,,0.0
1287,17,14,1447-03-07,,3.0
1288,17,14,1447-03-08,0.5,
1289,17,14,1447-03-09,0.5,
1290,17,14,1447-03-10,,1.0
1291,17,14,1447-03-11,0.5,
1292,17,14,1447-03-12,,0.0
1293,17,14,1447-03-13,0.5,
1294,17,14,1447-03-14,0.5,
1295,17,14,1447-03-15,0.5,
1296,17,14,1447-03-16,,2.0
1297,17,14,1447-03-17,,3.0
1298,17,14,1447-03-18,0.0,
1299,17,14,1447-03-19,0.0,
1300,17,14,1447-03-20,3.0,
1301,17,14,1447-03-21,0.5,
1302,17,14,1447-03-22,0.5,
1303,17,14,1447-03-23,0.5,
1304,17,14,1447-03-24,0.5,
1305,17,14,1447-03-25,,0.0
1306,17,14,1447-03-26,,0.0
1307,17,14,1447-03-27,,2.0
1308,17,14,1447-03-28,,2.0
1309,17,14,1447-03-29,0.5,
1310,17,14,1447-03-30,,0.0
1311,18,14,1447-03-01,,0.0
1312,18,14,1447-03-02,,0.0
1313,18,14,1447-03-03,,4.0
1314,18,14,1447-03-04,,2.0
1315,18,14,1447-03-05,,2.0
1316,18,14,1447-03-06,,0.0
1317,18,14,1447-03-07,,0.0
1318,18,14,1447-03-08,0.5,6.0
1319,18,14,1447-03-09,0.5,6.0
1320,18,14,1447-03-10,,20.0
1321,18,14,1447-03-11,0.5,10.0
1322,18,14,1447-03-12,,20.0
1323,18,14,1447-03-13,0.5,
1324,18,14,1447-03-14,,20.0
1325,18,14,1447-03-15,0.5,
1326,18,14,1447-03-16,,10.0
1327,18,14,1447-03-17,0.5,10.0
1328,18,14,1447-03-18,0.0,
1329,18,14,1447-03-19,0.0,
1330,18,14,1447-03-20,,4.0
1331,18,14,1447-03-21,,6.0
1332,18,14,1447-03-22,,10.0
1333,18,14,1447-03-23,,0.0
1334,18,14,1447-03-24,0.5,
1335,18,14,1447-03-25,,0.0
1336,18,14,1447-03-27,0.5,
1337,18,14,1447-03-28,,2.0
1338,18,14,1447-03-29,0.5,
1339,18,14,1447-03-30,,0.0
1340,19,14,1447-03-01,,8.0
1341,19,14,1447-03-02,,0.0
1342,19,14,1447-03-06,,0.0
1343,19,14,1447-03-07,,0.0
1344,19,14,1447-03-08,,0.0
1345,19,14,1447-03-09,,0.0
1346,19,14,1447-03-10,,0.0
1347,19,14,1447-03-11,,6.0
1348,19,14,1447-03-12,,6.0
1349,19,14,1447-03-13,,0.0
1350,19,14,1447-03-14,,0.0
1351,19,14,1447-03-15,,10.0
1352,19,14,1447-03-16,,10.0
1353,19,14,1447-03-17,,0.0
1354,19,14,1447-03-18,,0.0
1355,19,14,1447-03-19,0.0,
1356,19,14,1447-03-20,0.5,0.0
1357,19,14,1447-03-21,,10.0
1358,19,14,1447-03-22,,0.0
1359,19,14,1447-03-23,0.5,
1360,19,14,1447-03-24,,0.0
1361,19,14,1447-03-25,,0.0
1362,19,14,1447-03-26,,0.0
1363,19,14,1447-03-28,,0.0
1364,19,14,1447-03-29,,0.0
1365,19,14,1447-03-30,,0.0
1366,20,14,1447-03-01,,4.0
1367,20,14,1447-03-02,,0.0
1368,20,14,1447-03-03,,4.0
1369,20,14,1447-03-04,,7.0
1370,20,14,1447-03-05,,15.0
1371,20,14,1447-03-06,,0.0
1372,20,14,1447-03-07,,2.0
1373,20,14,1447-03-10,,1.0
1374,20,14,1447-03-15,,10.0
1375,20,14,1447-03-16,,10.0
1376,20,14,1447-03-18,,0.0
1377,20,14,1447-03-19,,0.0
1378,20,14,1447-03-20,0.5,
1379,20,14,1447-03-21,,1.0
1380,20,14,1447-03-22,0.5,
1381,20,14,1447-03-23,0.5,
1382,20,14,1447-03-25,,0.0
1383,20,14,1447-03-26,,0.0
1384,20,14,1447-03-27,,4.0
1385,20,14,1447-03-28,,3.0
1386,20,14,1447-03-29,,3.0
1387,20,14,1447-03-30,,0.0
1388,21,14,1447-03-01,0.5,
1389,21,14,1447-03-03,0.5,
1390,21,14,1447-03-04,0.5,7.0
1391,21,14,1447-03-05,,6.0
1392,21,14,1447-03-06,,0.0
1393,21,14,1447-03-07,,5.0
1394,21,14,1447-03-08,,10.0
1395,21,14,1447-03-09,,8.0
1396,21,14,1447-03-10,,6.0
1397,21,14,1447-03-11,0.5,
1398,21,14,1447-03-12,,0.0
1399,21,14,1447-03-13,,2.0
1400,21,14,1447-03-14,,3.0
1401,21,14,1447-03-15,,0.0
1402,21,14,1447-03-16,,0.0
1403,21,14,1447-03-18,,0.0
1404,21,14,1447-03-19,,0.0
1405,21,14,1447-03-20,0.5,
1406,21,14,1447-03-21,,5.0
1407,21,14,1447-03-22,,4.0
1408,21,14,1447-03-23,0.5,3.0
1409,21,14,1447-03-24,0.5,
1410,21,14,1447-03-25,,0.0
1411,21,14,1447-03-26,,0.0
1412,21,14,1447-03-27,,0.0
1413,21,14,1447-03-28,,3.0
1414,21,14,1447-03-29,,2.0
1415,21,14,1447-03-30,,0.0
1416,22,14,1447-03-01,0.5,
1417,22,14,1447-03-02,,0.0
1418,22,14,1447-03-03,,3.0
1419,22,14,1447-03-04,,0.0
1420,22,14,1447-03-05,,0.0
1421,22,14,1447-03-06,,0.0
1422,22,14,1447-03-07,,0.0
1423,22,14,1447-03-08,0.5,3.0
1424,22,14,1447-03-09,,0.0
1425,22,14,1447-03-10,0.5,
1426,22,14,1447-03-11,,0.0
1427,22,14,1447-03-12,,0.0
1428,22,14,1447-03-13,,4.0
1429,22,14,1447-03-14,0.5,
1430,22,14,1447-03-15,,0.0
1431,22,14,1447-03-16,,0.0
1432,22,14,1447-03-17,,2.0
1433,22,14,1447-03-18,,4.0
1434,22,14,1447-03-19,,3.0
1435,22,14,1447-03-20,,2.0
1436,22,14,1447-03-21,,2.0
1437,22,14,1447-03-23,0.5,
1438,22,14,1447-03-24,0.5,
1439,22,14,1447-03-25,,0.0
1440,22,14,1447-03-26,,0.0
1441,22,14,1447-03-28,,3.0
1442,22,14,1447-03-29,,4.0
1443,22,14,1447-03-30,,0.0
1444,23,14,1447-03-24,0.5,
1445,24,14,1447-03-02,,5.0
1446,24,14,1447-03-03,0.5,
1447,24,14,1447-03-04,0.5,
1448,24,14,1447-03-05,0.5,
1449,24,14,1447-03-06,,0.0
1450,24,14,1447-03-07,,0.0
1451,24,14,1447-03-08,,3.0
1452,24,14,1447-03-17,,6.0
1453,24,14,1447-03-18,,2.0
1454,24,14,1447-03-19,,2.0
1455,24,14,1447-03-20,,3.0
1456,24,14,1447-03-21,,5.0
1457,24,14,1447-03-23,0.0,
1458,24,14,1447-03-24,0.5,
1459,24,14,1447-03-25,,3.0
1460,24,14,1447-03-26,,0.0
1461,24,14,1447-03-27,,0.0
1462,24,14,1447-03-28,,2.0
1463,24,14,1447-03-29,,0.0
1464,24,14,1447-03-30,,0.0
1465,25,14,1447-03-03,0.5,
1466,25,14,1447-03-04,0.5,
1467,25,14,1447-03-05,4.0,
1468,25,14,1447-03-06,,0.0
1469,25,14,1447-03-07,,0.0
1470,25,14,1447-03-08,,2.0
1471,25,14,1447-03-17,,4.0
1472,25,14,1447-03-18,,0.0
1473,25,14,1447-03-19,,0.0
1474,25,14,1447-03-20,,0.0
1475,25,14,1447-03-21,,4.0
1476,25,14,1447-03-23,0.0,
1477,25,14,1447-03-24,0.0,
1478,25,14,1447-03-25,,0.0
1479,25,14,1447-03-26,,0.0
1480,25,14,1447-03-27,,0.0
1481,25,14,1447-03-28,,4.0
1482,25,14,1447-03-29,,0.0
1483,25,14,1447-03-30,,0.0
1484,26,14,1447-03-02,,3.0
1485,26,14,1447-03-03,,2.0
1486,26,14,1447-03-05,1.0,
1487,26,14,1447-03-17,,0.0
1488,26,14,1447-03-20,,0.0
1489,26,14,1447-03-21,,0.0
1490,26,14,1447-03-25,,0.0
1491,26,14,1447-03-26,,0.0
1492,26,14,1447-03-27,,0.0
1493,26,14,1447-03-29,,0.0
1494,30,14,1447-03-25,,4.0
1495,30,14,1447-03-26,,0.0
1496,30,14,1447-03-27,,2.0
1497,30,14,1447-03-28,,3.0
1498,30,14,1447-03-29,,0.0
1499,30,14,1447-03-30,,0.0
1500,33,14,1447-03-01,,4.0
1501,33,14,1447-03-02,,0.0
1502,33,14,1447-03-04,,5.0
1503,33,14,1447-03-05,,5.0
1504,33,14,1447-03-06,,7.0
1505,33,14,1447-03-07,0.5,
1506,33,14,1447-03-08,0.0,
1507,33,14,1447-03-09,0.0,
1508,33,14,1447-03-10,0.5,
1509,33,14,1447-03-11,,7.0
1510,33,14,1447-03-12,,8.0
1511,33,14,1447-03-13,,13.0
1512,33,14,1447-03-16,,0.0
1513,33,14,1447-03-17,0.5,
1514,33,14,1447-03-18,,8.0
1515,33,14,1447-03-19,,0.0
1516,33,14,1447-03-21,0.5,
1517,33,14,1447-03-22,,6.0
1518,33,14,1447-03-23,,7.0
1519,33,14,1447-03-24,,12.0
1520,33,14,1447-03-25,0.5,9.0
1521,33,14,1447-03-26,,0.0
1522,33,14,1447-03-27,,0.0
1523,33,14,1447-03-28,,4.0
1524,33,14,1447-03-29,,10.0
1525,33,14,1447-03-30,,0.0
1526,35,14,1447-03-02,,0.0
1527,35,14,1447-03-04,,3.0
1528,35,14,1447-03-05,,0.0
1529,35,14,1447-03-06,,0.0
1530,35,14,1447-03-07,,0.0
1531,35,14,1447-03-08,,0.0
1532,35,14,1447-03-09,,0.0
1533,35,14,1447-03-10,,0.0
1534,35,14,1447-03-11,,4.0
1535,35,14,1447-03-12,,2.0
1536,35,14,1447-03-13,,3.0
1537,35,14,1447-03-14,,0.0
1538,35,14,1447-03-17,,0.0
1539,35,14,1447-03-18,,0.0
1540,35,14,1447-03-19,,2.0
1541,35,14,1447-03-20,,0.0
1542,35,14,1447-03-21,,0.0
1543,35,14,1447-03-22,,0.0
1544,35,14,1447-03-28,,2.0
1545,35,14,1447-03-29,,0.0
1546,35,14,1447-03-30,,0.0
1547,37,14,1447-03-23,,0.0
1548,37,14,1447-03-29,,0.0
1549,38,14,1447-03-02,,0.0
1550,38,14,1447-03-04,,0.0
1551,38,14,1447-03-06,,0.0
1552,38,14,1447-03-07,,3.0
1553,38,14,1447-03-08,,2.0
1554,38,14,1447-03-21,,10.0
1555,38,14,1447-03-22,,0.0
1556,38,14,1447-03-29,,3.0
1557,38,14,1447-03-30,,0.0
1558,39,14,1447-03-01,,4.0
1559,39,14,1447-03-02,,3.0
1560,39,14,1447-03-03,,2.0
1561,39,14,1447-03-04,0.5,
1562,39,14,1447-03-05,0.5,
1563,39,14,1447-03-06,,10.0
1564,39,14,1447-03-17,,4.0
1565,39,14,1447-03-18,0.5,
1566,39,14,1447-03-27,,0.0
1567,39,14,1447-03-28,,2.0
1568,39,14,1447-03-29,,0.0
1569,39,14,1447-03-30,,0.0
1570,40,14,1447-03-01,0.5,
1571,40,14,1447-03-02,,0.0
1572,40,14,1447-03-03,0.5,
1573,40,14,1447-03-04,0.5,
1574,40,14,1447-03-06,,4.0
1575,40,14,1447-03-07,,3.0
1576,40,14,1447-03-10,0.0,
1577,40,14,1447-03-11,0.0,
1578,40,14,1447-03-12,,0.0
1579,40,14,1447-03-13,,3.0
1580,40,14,1447-03-17,,0.0
1581,40,14,1447-03-23,,0.0
1582,40,14,1447-03-25,0.0,
1583,40,14,1447-03-26,0.5,
1584,40,14,1447-03-27,,3.0
1585,40,14,1447-03-28,,4.0
1586,40,14,1447-03-29,,0.0
1587,40,14,1447-03-30,,0.0
1588,44,14,1447-03-01,,0.0
1589,44,14,1447-03-02,,0.0
1590,44,14,1447-03-03,,2.0
1591,44,14,1447-03-04,,0.0
1592,44,14,1447-03-05,,0.0
1593,44,14,1447-03-06,,2.0
1594,44,14,1447-03-07,,0.0
1595,44,14,1447-03-08,,0.0
1596,44,14,1447-03-09,,2.0
1597,44,14,1447-03-10,,0.0
1598,44,14,1447-03-15,,2.0
1599,44,14,1447-03-16,,0.0
1600,44,14,1447-03-21,0.5,
1601,44,14,1447-03-29,,0.0
1602,44,14,1447-03-30,,0.0
1603,45,14,1447-03-01,,2.0
1604,45,14,1447-03-02,,0.0
1605,45,14,1447-03-04,,4.0
1606,45,14,1447-03-05,,6.0
1607,45,14,1447-03-06,,0.0
1608,45,14,1447-03-07,,4.0
1609,45,14,1447-03-09,,4.0
1610,45,14,1447-03-11,,4.0
1611,45,14,1447-03-12,,0.0
1612,45,14,1447-03-14,,2.0
1613,45,14,1447-03-16,1.0,
1614,45,14,1447-03-17,0.5,
1615,45,14,1447-03-18,0.0,
1616,45,14,1447-03-19,0.0,
1617,45,14,1447-03-20,,6.0
1618,45,14,1447-03-21,0.5,
1619,45,14,1447-03-22,0.5,
1620,45,14,1447-03-23,0.5,
1621,45,14,1447-03-25,0.0,
1622,45,14,1447-03-27,0.5,
1623,45,14,1447-03-28,,0.0
1624,45,14,1447-03-29,,2.0
1625,45,14,1447-03-30,,0.0
1626,46,14,1447-03-12,,0.0
1627,46,14,1447-03-25,0.0,
1628,47,14,1447-03-12,,0.0
1629,47,14,1447-03-25,0.0,
1630,1,2,1447-04-01,2.0,10.0
1631,1,2,1447-04-02,1.0,10.0
1632,1,2,1447-04-03,1.0,
1633,1,2,1447-04-04,1.0,6.0
1634,1,2,1447-04-05,,5.0
1635,1,2,1447-04-06,1.0,7.0
1636,1,2,1447-04-07,,7.0
1637,1,2,1447-04-08,2.0,7.0
1638,1,2,1447-04-09,,0.0
1639,1,2,1447-04-10,,0.0
1640,1,2,1447-04-11,,14.0
1641,1,2,1447-04-12,,14.0
1642,1,2,1447-04-13,,0.0
1643,1,2,1447-04-14,,8.0
1644,1,2,1447-04-15,1.0,2.0
1645,1,2,1447-04-16,1.0,10.0
1646,1,2,1447-04-17,,0.0
1647,3,2,1447-04-01,,4.0
1648,3,2,1447-04-04,,5.0
1649,3,2,1447-04-05,,5.0
1650,3,2,1447-04-06,0.5,4.0
1651,3,2,1447-04-07,,7.0
1652,3,2,1447-04-08,,3.0
1653,3,2,1447-04-09,,0.0
1654,3,2,1447-04-10,,0.0
1655,3,2,1447-04-11,,3.0
1656,3,2,1447-04-18,1.0,
1657,3,2,1447-04-19,,6.0
1658,3,2,1447-04-20,1.0,10.0
1659,3,2,1447-04-21,,9.0
1660,3,2,1447-04-22,,0.0
1661,3,2,1447-04-23,,0.0
1662,3,2,1447-04-24,,2.0
1663,3,2,1447-04-25,,5.0
1664,3,2,1447-04-26,2.0,10.0
1665,3,2,1447-04-27,1.0,
1666,3,2,1447-04-28,2.0,10.0
1667,3,2,1447-04-29,,5.0
1668,3,2,1447-04-30,1.0,10.0
1669,4,2,1447-04-03,,0.0
1670,4,2,1447-04-04,,7.0
1671,4,2,1447-04-05,,4.0
1672,4,2,1447-04-06,,4.0
1673,4,2,1447-04-07,,0.0
1674,4,2,1447-04-08,,6.0
1675,4,2,1447-04-09,,0.0
1676,4,2,1447-04-10,,0.0
1677,4,2,1447-04-16,,0.0
1678,4,2,1447-04-17,,0.0
1679,4,2,1447-04-18,,0.0
1680,4,2,1447-04-19,,0.0
1681,4,2,1447-04-20,,2.0
1682,4,2,1447-04-21,,6.0
1683,4,2,1447-04-22,,0.0
1684,4,2,1447-04-23,,0.0
1685,4,2,1447-04-24,,3.0
1686,4,2,1447-04-25,1.0,2.0
1687,4,2,1447-04-26,,4.0
1688,4,2,1447-04-27,,4.0
1689,4,2,1447-04-28,1.0,
1690,4,2,1447-04-29,,2.0
1691,4,2,1447-04-30,,2.0
1692,5,2,1447-04-05,,5.0
1693,5,2,1447-04-13,,5.0
1694,5,2,1447-04-14,,0.0
1695,5,2,1447-04-15,1.0,10.0
1696,5,2,1447-04-17,,0.0
1697,5,2,1447-04-21,,8.0
1698,5,2,1447-04-22,,0.0
1699,5,2,1447-04-23,,0.0
1700,5,2,1447-04-24,,3.0
1701,5,2,1447-04-28,,2.0
1702,6,2,1447-04-02,,6.0
1703,6,2,1447-04-04,,7.0
1704,6,2,1447-04-05,,8.0
1705,6,2,1447-04-06,,6.0
1706,6,2,1447-04-07,,4.0
1707,6,2,1447-04-09,,0.0
1708,6,2,1447-04-11,,7.0
1709,6,2,1447-04-12,,10.0
1710,6,2,1447-04-13,,0.0
1711,6,2,1447-04-14,,8.0
1712,6,2,1447-04-17,,0.0
1713,6,2,1447-04-19,,0.0
1714,6,2,1447-04-21,,8.0
1715,6,2,1447-04-23,,0.0
1716,6,2,1447-04-24,1.0,8.0
1717,6,2,1447-04-26,,7.0
1718,6,2,1447-04-27,,8.0
1719,6,2,1447-04-28,,8.0
1720,6,2,1447-04-30,,5.0
1721,7,2,1447-04-01,1.0,10.0
1722,7,2,1447-04-03,1.0,7.0
1723,7,2,1447-04-19,1.0,
1724,7,2,1447-04-21,,2.0
1725,7,2,1447-04-22,,0.0
1726,7,2,1447-04-23,,2.0
1727,7,2,1447-04-24,1.0,
1728,7,2,1447-04-26,1.0,8.0
1729,7,2,1447-04-27,0.5,
1730,7,2,1447-04-28,,5.0
1731,7,2,1447-04-29,0.5,
1732,8,2,1447-04-21,,8.0
1733,8,2,1447-04-25,,5.0
1734,8,2,1447-04-26,,0.0
1735,8,2,1447-04-27,,0.0
1736,8,2,1447-04-28,,8.0
1737,8,2,1447-04-29,,0.0
1738,8,2,1447-04-30,,5.0
1739,12,2,1447-04-01,,4.0
1740,12,2,1447-04-07,,4.0
1741,12,2,1447-04-08,,4.0
1742,12,2,1447-04-11,,3.0
1743,12,2,1447-04-13,,0.0
1744,12,2,1447-04-14,,5.0
1745,12,2,1447-04-15,,0.0
1746,12,2,1447-04-16,,10.0
1747,12,2,1447-04-17,,0.0
1748,12,2,1447-04-18,,0.0
1749,12,2,1447-04-19,,0.0
1750,12,2,1447-04-20,,4.0
1751,12,2,1447-04-22,,0.0
1752,12,2,1447-04-23,,0.0
1753,12,2,1447-04-27,,0.0
1754,12,2,1447-04-28,,4.0
1755,12,2,1447-04-29,,2.0
1756,12,2,1447-04-30,,0.0
1757,33,2,1447-04-02,0.5,
1758,33,2,1447-04-03,0.5,
1759,33,2,1447-04-04,0.5,
1760,33,2,1447-04-05,,7.0
1761,33,2,1447-04-06,,8.0
1762,33,2,1447-04-07,0.5,
1763,33,2,1447-04-08,,2.0
1764,33,2,1447-04-09,,0.0
1765,33,2,1447-04-10,,0.0
1766,33,2,1447-04-11,,4.0
1767,33,2,1447-04-12,0.5,10.0
1768,33,2,1447-04-13,,0.0
1769,33,2,1447-04-14,0.5,5.0
1770,33,2,1447-04-15,0.5,6.0
1771,33,2,1447-04-16,0.5,4.0
1772,33,2,1447-04-17,,0.0
1773,33,2,1447-04-18,0.5,5.0
1774,33,2,1447-04-19,,0.0
1775,33,2,1447-04-20,0.5,
1776,33,2,1447-04-21,0.5,
1777,33,2,1447-04-22,,0.0
1778,33,2,1447-04-23,,4.0
1779,33,2,1447-04-24,,4.0
1780,33,2,1447-04-25,,1.0
1781,33,2,1447-04-26,0.5,
1782,33,2,1447-04-27,1.0,10.0
1783,33,2,1447-04-28,1.0,
1784,33,2,1447-04-29,,7.0
1785,33,2,1447-04-30,,10.0
1786,13,14,1447-04-22,,0.0
1787,15,14,1447-04-23,,10.0
1788,15,14,1447-04-24,,8.0
1789,15,14,1447-04-25,,7.0
1790,15,14,1447-04-27,,3.0
1791,15,14,1447-04-28,,4.0
1792,15,14,1447-04-29,,2.0
1793,15,14,1447-04-30,,0.0
1794,16,14,1447-04-01,,5.0
1795,16,14,1447-04-02,,0.0
1796,16,14,1447-04-03,,6.0
1797,16,14,1447-04-04,,0.0
1798,16,14,1447-04-05,,0.0
1799,16,14,1447-04-06,,15.0
1800,16,14,1447-04-07,1.0,
1801,16,14,1447-04-08,,10.0
1802,16,14,1447-04-09,,10.0
1803,16,14,1447-04-10,,0.0
1804,16,14,1447-04-11,,0.0
1805,16,14,1447-04-12,,2.0
1806,16,14,1447-04-13,,0.0
1807,16,14,1447-04-14,,13.0
1808,16,14,1447-04-15,,5.0
1809,16,14,1447-04-16,1.0,
1810,16,14,1447-04-17,,0.0
1811,16,14,1447-04-18,1.0,
1812,16,14,1447-04-19,,10.0
1813,16,14,1447-04-20,0.5,8.0
1814,16,14,1447-04-21,0.5,
1815,16,14,1447-04-22,,0.0
1816,16,14,1447-04-23,,8.0
1817,16,14,1447-04-24,,7.0
1818,16,14,1447-04-25,0.5,5.0
1819,16,14,1447-04-26,0.5,
1820,16,14,1447-04-27,,10.0
1821,16,14,1447-04-28,,10.0
1822,16,14,1447-04-29,0.5,
1823,16,14,1447-04-30,,0.0
1824,17,14,1447-04-01,0.5,
1825,17,14,1447-04-02,,0.0
1826,17,14,1447-04-03,0.5,
1827,17,14,1447-04-04,,0.0
1828,17,14,1447-04-05,0.5,
1829,17,14,1447-04-06,,3.0
1830,17,14,1447-04-07,0.5,
1831,17,14,1447-04-08,0.5,
1832,17,14,1447-04-09,,10.0
1833,17,14,1447-04-10,,0.0
1834,17,14,1447-04-11,,0.0
1835,17,14,1447-04-12,0.5,
1836,17,14,1447-04-13,,2.0
1837,17,14,1447-04-14,,8.0
1838,17,14,1447-04-15,,2.0
1839,17,14,1447-04-16,,4.0
1840,17,14,1447-04-17,,0.0
1841,17,14,1447-04-18,,0.0
1842,17,14,1447-04-19,,3.0
1843,17,14,1447-04-20,,0.0
1844,17,14,1447-04-21,,4.0
1845,17,14,1447-04-22,,0.0
1846,17,14,1447-04-23,,0.0
1847,17,14,1447-04-24,,5.0
1848,18,14,1447-04-01,,10.0
1849,18,14,1447-04-02,,0.0
1850,18,14,1447-04-03,0.5,
1851,18,14,1447-04-04,,0.0
1852,18,14,1447-04-05,0.5,5.0
1853,18,14,1447-04-06,,3.0
1854,18,14,1447-04-07,0.5,
1855,18,14,1447-04-08,,20.0
1856,18,14,1447-04-09,,15.0
1857,18,14,1447-04-10,,0.0
1858,18,14,1447-04-11,,0.0
1859,18,14,1447-04-12,0.5,
1860,18,14,1447-04-13,,5.0
1861,18,14,1447-04-14,0.5,5.0
1862,18,14,1447-04-15,1.0,5.0
1863,18,14,1447-04-16,,5.0
1864,18,14,1447-04-17,,0.0
1865,18,14,1447-04-18,1.0,
1866,18,14,1447-04-19,0.515,
1867,18,14,1447-04-20,,12.0
1868,18,14,1447-04-21,,1.0
1869,18,14,1447-04-22,,0.0
1870,18,14,1447-04-23,0.5,10.0
1871,18,14,1447-04-24,,8.0
1872,18,14,1447-04-25,0.5,
1873,18,14,1447-04-26,,8.0
1874,18,14,1447-04-27,,0.0
1875,18,14,1447-04-28,,0.0
1876,18,14,1447-04-29,,10.0
1877,18,14,1447-04-30,,0.0
1878,19,14,1447-04-01,0.5,
1879,19,14,1447-04-02,,0.0
1880,19,14,1447-04-03,,0.0
1881,19,14,1447-04-05,0.5,
1882,19,14,1447-04-06,0.5,
1883,19,14,1447-04-07,0.5,
1884,19,14,1447-04-08,,3.0
1885,19,14,1447-04-09,,0.0
1886,19,14,1447-04-10,,0.0
1887,19,14,1447-04-11,,0.0
1888,19,14,1447-04-12,,10.0
1889,19,14,1447-04-15,,2.0
1890,19,14,1447-04-16,,8.0
1891,19,14,1447-04-17,,0.0
1892,19,14,1447-04-18,,3.0
1893,19,14,1447-04-20,,3.0
1894,19,14,1447-04-21,,4.0
1895,19,14,1447-04-22,,0.0
1896,19,14,1447-04-23,,0.0
1897,19,14,1447-04-24,,2.0
1898,19,14,1447-04-25,,4.0
1899,19,14,1447-04-26,,4.0
1900,19,14,1447-04-27,,0.0
1901,19,14,1447-04-28,,0.0
1902,19,14,1447-04-29,,0.0
1903,19,14,1447-04-30,,0.0
1904,20,14,1447-04-02,,0.0
1905,20,14,1447-04-06,,4.0
1906,20,14,1447-04-07,,3.0
1907,20,14,1447-04-08,,4.0
1908,20,14,1447-04-10,,0.0
1909,20,14,1447-04-11,,4.0
1910,20,14,1447-04-12,,5.0
1911,20,14,1447-04-13,,10.0
1912,20,14,1447-04-15,,2.0
1913,20,14,1447-04-16,,0.0
1914,20,14,1447-04-17,,0.0
1915,20,14,1447-04-18,,2.0
1916,20,14,1447-04-27,,7.0
1917,20,14,1447-04-28,,3.0
1918,20,14,1447-04-29,,0.0
1919,20,14,1447-04-30,,0.0
1920,21,14,1447-04-01,,3.0
1921,21,14,1447-04-02,,0.0
1922,21,14,1447-04-03,,3.0
1923,21,14,1447-04-05,,5.0
1924,21,14,1447-04-06,,7.0
1925,21,14,1447-04-07,0.5,
1926,21,14,1447-04-08,0.5,
1927,21,14,1447-04-09,0.5,
1928,21,14,1447-04-10,,0.0
1929,21,14,1447-04-12,,0.0
1930,21,14,1447-04-17,,0.0
1931,21,14,1447-04-23,,0.0
1932,21,14,1447-04-24,,0.0
1933,21,14,1447-04-27,,8.0
1934,21,14,1447-04-28,,6.0
1935,22,48,1447-04-01,,3.0
1936,22,48,1447-04-02,,0.0
1937,22,48,1447-04-03,0.5,
1938,22,48,1447-04-04,0.5,
1939,22,48,1447-04-05,,4.0
1940,22,48,1447-04-06,,2.0
1941,22,48,1447-04-07,,3.0
1942,22,48,1447-04-08,,3.0
1943,22,48,1447-04-09,,5.0
1944,22,48,1447-04-10,,0.0
1945,22,48,1447-04-11,,0.0
1946,22,48,1447-04-12,,0.0
1947,22,48,1447-04-13,,3.0
1948,22,48,1447-04-14,,2.0
1949,22,48,1447-04-15,0.5,
1950,22,48,1447-04-16,0.5,
1951,22,48,1447-04-17,,0.0
1952,22,48,1447-04-18,0.5,
1953,22,48,1447-04-19,,7.0
1954,22,48,1447-04-20,,3.0
1955,22,48,1447-04-21,,0.0
1956,22,48,1447-04-22,,0.0
1957,22,48,1447-04-23,,0.0
1958,22,48,1447-04-24,0.5,
1959,22,48,1447-04-25,,5.0
1960,22,48,1447-04-26,,4.0
1961,22,48,1447-04-27,0.5,
1962,22,48,1447-04-28,,4.0
1963,22,48,1447-04-29,,0.0
1964,22,48,1447-04-30,,0.0
1965,24,48,1447-04-17,,0.0
1966,24,48,1447-04-18,,5.0
1967,24,48,1447-04-20,0.5,
1968,24,48,1447-04-21,0.5,
1969,24,48,1447-04-23,,2.0
1970,24,48,1447-04-24,,0.0
1971,24,48,1447-04-25,,0.0
1972,24,48,1447-04-26,,3.0
1973,24,48,1447-04-27,,5.0
1974,24,48,1447-04-28,,4.0
1975,24,48,1447-04-29,,0.0
1976,24,48,1447-04-30,,0.0
1977,25,48,1447-04-01,,2.0
1978,25,48,1447-04-02,,0.0
1979,25,48,1447-04-03,,3.0
1980,25,48,1447-04-04,,0.0
1981,25,48,1447-04-05,,2.0
1982,25,48,1447-04-07,0.5,
1983,25,48,1447-04-08,0.5,
1984,25,48,1447-04-09,,2.0
1985,25,48,1447-04-10,,0.0
1986,25,48,1447-04-11,,0.0
1987,25,48,1447-04-12,,0.0
1988,25,48,1447-04-13,,5.0
1989,25,48,1447-04-14,,2.0
1990,25,48,1447-04-15,,3.0
1991,25,48,1447-04-17,,0.0
1992,25,48,1447-04-18,,4.0
1993,25,48,1447-04-20,0.5,
1994,25,48,1447-04-21,0.5,
1995,25,48,1447-04-23,,3.0
1996,25,48,1447-04-24,,0.0
1997,25,48,1447-04-25,,0.0
1998,25,48,1447-04-26,,3.0
1999,25,48,1447-04-27,,3.0
2000,25,48,1447-04-28,,2.0
2001,25,48,1447-04-29,,0.0
2002,25,48,1447-04-30,,0.0
2003,39,48,1447-04-17,,0.0
2004,39,48,1447-04-18,,4.0
2005,39,48,1447-04-24,,0.0
2006,39,48,1447-04-25,,0.0
2007,39,48,1447-04-26,,3.0
2008,39,48,1447-04-27,,7.0
2009,39,48,1447-04-28,,2.0
2010,39,48,1447-04-29,,0.0
2011,39,48,1447-04-30,,0.0
2012,40,48,1447-04-01,,0.0
2013,40,48,1447-04-02,,2.0
2014,40,48,1447-04-03,,3.0
2015,40,48,1447-04-04,,3.0
2016,40,48,1447-04-05,,0.0
2017,40,48,1447-04-08,0.5,
2018,40,48,1447-04-09,,4.0
2019,40,48,1447-04-10,,8.0
2020,40,48,1447-04-12,,0.0
2021,40,48,1447-04-14,,3.0
2022,40,48,1447-04-15,,5.0
2023,40,48,1447-04-16,,0.0
2024,40,48,1447-04-17,,0.0
2025,40,48,1447-04-18,,3.0
2026,40,48,1447-04-20,0.5,
2027,40,48,1447-04-21,0.5,
2028,40,48,1447-04-22,0.5,
2029,40,48,1447-04-23,0.5,
2030,40,48,1447-04-24,,0.0
2031,40,48,1447-04-25,,0.0
2032,40,48,1447-04-26,,4.0
2033,40,48,1447-04-27,,3.0
2034,40,48,1447-04-28,,5.0
2035,40,48,1447-04-29,,0.0
2036,40,48,1447-04-30,,0.0
2037,49,48,1447-04-08,,2.0
2038,49,48,1447-04-09,,3.0
2039,49,48,1447-04-20,0.5,
2040,49,48,1447-04-21,0.5,
2041,49,48,1447-04-26,,1.0
2042,49,48,1447-04-27,,2.0
2043,49,48,1447-04-28,,4.0
2044,49,48,1447-04-29,,0.0
2045,49,48,1447-04-30,,0.0
2046,30,48,1447-04-20,0.5,
2047,30,48,1447-04-21,0.5,
2048,30,48,1447-04-26,,1.0
2049,30,48,1447-04-27,,3.0
2050,30,48,1447-04-28,,2.0
2051,30,48,1447-04-29,,0.0
2052,30,48,1447-04-30,,0.0
2053,50,51,1447-04-08,,0.0
2054,50,51,1447-04-09,,4.0
2055,50,51,1447-04-12,,3.0
2056,50,51,1447-04-13,,3.0
2057,50,51,1447-04-15,,4.0
2058,50,51,1447-04-16,,5.0
2059,50,51,1447-04-17,,0.0
2060,50,51,1447-04-18,,2.0
2061,50,51,1447-04-21,0.5,
2062,50,51,1447-04-23,0.5,
2063,50,51,1447-04-24,,0.0
2064,50,51,1447-04-25,,0.0
2065,50,51,1447-04-26,,2.0
2066,50,51,1447-04-27,,1.0
2067,50,51,1447-04-28,,2.0
2068,50,51,1447-04-29,,0.0
2069,50,51,1447-04-30,,0.0
2070,44,51,1447-04-01,,0.0
2071,44,51,1447-04-02,,0.0
2072,44,51,1447-04-03,,0.0
2073,44,51,1447-04-08,,0.0
2074,44,51,1447-04-12,,4.0
2075,26,51,1447-04-06,,0.0
2076,35,51,1447-04-01,,0.0
2077,35,51,1447-04-02,,0.0
2078,35,51,1447-04-03,,0.0
2079,35,51,1447-04-04,,0.0
2080,35,51,1447-04-05,,0.0
2081,35,51,1447-04-06,,5.0
2082,35,51,1447-04-07,,0.0
2083,35,51,1447-04-08,,0.0
2084,35,51,1447-04-10,,0.0
2085,35,51,1447-04-12,,0.0
2086,38,51,1447-04-01,,0.0
2087,38,51,1447-04-02,,0.0
2088,38,51,1447-04-03,,0.0
2089,38,51,1447-04-04,,0.0
2090,38,51,1447-04-05,,2.0
2091,38,51,1447-04-06,,2.0
2092,38,51,1447-04-07,,0.0
2093,38,51,1447-04-08,,3.0
2094,38,51,1447-04-09,,0.0
2095,38,51,1447-04-10,,0.0
2096,38,51,1447-04-11,,0.0
2097,38,51,1447-04-12,,2.0
2098,38,51,1447-04-13,,0.0
2099,38,51,1447-04-24,,1.0
2100,38,51,1447-04-25,,0.0
2101,38,51,1447-04-26,,0.0
2102,38,51,1447-04-27,,2.0
2103,38,51,1447-04-28,,4.0
2104,38,51,1447-04-29,,0.0
2105,38,51,1447-04-30,,0.0
2106,34,14,1447-04-29,,0.0
2107,34,14,1447-04-30,,0.0
2108,45,14,1447-04-01,0.5,
2109,45,14,1447-04-04,0.0,
2110,45,14,1447-04-05,0.0,
2111,45,14,1447-04-09,,5.0
2112,45,14,1447-04-10,,0.0
2113,45,14,1447-04-11,,0.0
2114,45,14,1447-04-12,0.5,
2115,45,14,1447-04-13,,3.0
2116,45,14,1447-04-14,,5.0
2117,45,14,1447-04-15,,6.0
2118,45,14,1447-04-20,,5.0
2119,45,14,1447-04-21,,6.0
2120,45,14,1447-04-22,,0.0
2121,45,14,1447-04-23,0.5,
2122,45,14,1447-04-24,,5.0
2123,45,14,1447-04-26,0.5,
2124,45,14,1447-04-27,,8.0
2125,45,14,1447-04-28,,0.0
2126,45,14,1447-04-29,0.5,
2127,45,14,1447-04-30,,0.0
2128,46,14,1447-04-20,,0.0
2129,46,14,1447-04-21,,5.0
2130,46,14,1447-04-22,,5.0
2131,46,14,1447-04-23,,0.0
2132,46,14,1447-04-24,,2.0
2133,46,14,1447-04-25,,0.0
2134,46,14,1447-04-26,,3.0
2135,46,14,1447-04-27,,0.0
2136,46,14,1447-04-28,,0.0
2137,46,14,1447-04-29,,0.0
2138,46,14,1447-04-30,,0.0
2139,47,14,1447-04-02,0.0,
2140,47,14,1447-04-03,0.0,
2141,47,14,1447-04-04,0.0,
2142,47,14,1447-04-08,,0.0
2143,47,14,1447-04-20,,5.0
2144,47,14,1447-04-21,,5.0
2145,47,14,1447-04-22,,0.0
2146,47,14,1447-04-23,,2.0
2147,47,14,1447-04-24,,2.0
2148,47,14,1447-04-25,,0.0
2149,47,14,1447-04-26,,2.0
2150,47,14,1447-04-27,,0.0
2151,47,14,1447-04-28,,3.0
2152,47,14,1447-04-29,,0.0
2153,47,14,1447-04-30,,0.0
